id,first_name,last_name,email,gender,ip_address
1,Karolina,Skottle,kskottle0@discovery.com,Female,119.176.33.79
2,Ollie,Stump,ostump1@dot.gov,Male,192.93.163.78
3,Jeremie,Hlavecek,jhlavecek2@facebook.com,Male,99.147.156.37
4,Dame,Glowach,dglowach3@photobucket.com,Male,82.152.80.107
5,Nananne,Jerisch,njerisch4@soup.io,Female,
6,Hildagard,Rosengarten,hrosengarten5@ucoz.ru,Female,242.44.59.53
7,Nestor,Garwood,ngarwood6@macromedia.com,Male,19.154.169.40
8,Marya,Beauman,mbeauman7@hugedomains.com,Female,204.235.9.107
9,Dione,Rump,drump8@mediafire.com,Female,108.237.81.241
10,Krysta,Brownlee,kbrownlee9@japanpost.jp,Female,53.71.44.195
11,Franciskus,Vint,fvinta@netlog.com,Male,65.125.228.33
12,Randell,Cavill,rcavillb@ezinearticles.com,Male,210.173.26.35
13,Crysta,Rameau,crameauc@marketwatch.com,Female,88.121.145.168
14,Egon,Mynett,emynettd@diigo.com,Male,132.7.211.247
15,Garrott,Fairbourn,gfairbourne@shop-pro.jp,Male,159.23.134.145
16,Lyon,Saunder,lsaunderf@yolasite.com,Male,67.106.90.115
17,Katharina,Stockport,kstockportg@about.com,Female,224.157.80.54
18,Fina,Buckney,fbuckneyh@theatlantic.com,Female,172.184.146.239
19,Nestor,Garwood,ngarwood6@macromedia.com,Male,19.154.169.40
20,Jessey,Darleston,jdarlestonj@ocn.ne.jp,Polygender,123.57.96.106
21,Conrad,Maslen,cmaslenk@miitbeian.gov.cn,Male,
22,Monroe,Priver,mpriverl@qq.com,Male,85.18.215.180
23,Talbert,Fivey,tfiveym@amazon.co.jp,Genderqueer,233.86.99.197
24,Lenora,Blomfield,lblomfieldn@domainmarket.com,Female,133.83.162.84
25,Shellysheldon,Mates,smateso@elpais.com,Male,
26,Marion,Cage,mcagep@sciencedirect.com,Female,36.132.80.148
27,Shanon,Netherclift,snethercliftq@bing.com,Female,245.131.77.130
28,Elwira,Allflatt,eallflattr@mozilla.org,Female,122.145.56.113
29,Ede,Beacon,ebeacons@sciencedirect.com,Polygender,28.244.50.80
30,Andris,Fairholme,afairholmet@issuu.com,Male,123.77.39.107
31,Clareta,Akitt,cakittu@reference.com,Female,
32,Curtice,Rawle,crawlev@uiuc.edu,Bigender,113.184.229.129
33,Claus,Byrcher,cbyrcherw@feedburner.com,Male,103.43.237.148
34,Milissent,Othick,mothickx@discovery.com,Female,232.83.34.2
35,Breena,Sturgis,bsturgisy@taobao.com,Female,62.238.146.1
36,Anny,Lacroix,alacroixz@godaddy.com,Female,217.195.172.3
37,Stoddard,Spollen,sspollen10@reuters.com,Female,240.215.228.51
38,Renard,Jendrusch,rjendrusch11@ycombinator.com,Male,27.121.183.228
39,Yancy,Mongeot,ymongeot12@parallels.com,Male,203.188.157.102
40,Leon,Chastney,lchastney13@examiner.com,Male,237.178.106.1
41,Hardy,Nugent,hnugent14@umich.edu,Male,83.90.230.12
42,Thorvald,Aveson,taveson15@illinois.edu,Male,71.134.34.21
43,Locke,Josefson,ljosefson16@desdev.cn,Male,171.145.75.59
44,Bear,Prangle,bprangle17@printfriendly.com,Male,122.215.207.156
45,Spence,Tremellier,stremellier18@sphinn.com,Male,47.22.86.103
46,Amil,Valsler,avalsler19@instagram.com,Female,95.111.210.45
47,Gratia,Pengilly,gpengilly1a@nymag.com,Female,46.162.160.15
48,Louis,Ellen,lellen1b@symantec.com,Male,93.77.129.107
49,Corrie,Parnby,cparnby1c@w3.org,Male,214.146.26.243
50,Cari,Maltster,cmaltster1d@admin.ch,Female,234.202.73.239
51,Oralle,Moxley,omoxley1e@npr.org,Female,107.104.140.86
52,Melesa,Leyton,mleyton1f@nba.com,Female,230.54.215.22
53,Cairistiona,Pepall,cpepall1g@zimbio.com,Genderfluid,134.166.197.55
54,Gussie,Fergusson,gfergusson1h@abc.net.au,Genderfluid,
55,Doro,Tankin,dtankin1i@go.com,Female,106.73.119.115
56,Jaine,Jerrom,jjerrom1j@rakuten.co.jp,Female,176.239.25.112
57,Aube,Morewood,amorewood1k@merriam-webster.com,Male,189.225.13.173
58,Brett,Zecchetti,,Female,252.140.244.74
59,Pieter,Chesshyre,pchesshyre1m@eventbrite.com,Male,
60,Jacki,Wallbutton,jwallbutton1n@wufoo.com,Female,0.222.132.86
61,Carlin,Daber,cdaber1o@ameblo.jp,Female,60.201.207.72
62,Darice,Sawtell,dsawtell1p@themeforest.net,Female,14.220.21.13
63,Claybourne,Kilcullen,ckilcullen1q@apple.com,Male,182.96.170.248
64,Sutherlan,Joplin,sjoplin1r@a8.net,Male,87.44.90.118
65,Dyann,Cuddy,dcuddy1s@joomla.org,Female,10.137.85.27
66,Cristie,Finlry,cfinlry1t@java.com,Female,29.41.233.195
67,Aaron,Ionn,aionn1u@google.fr,Male,162.58.223.201
68,Worden,Ledington,wledington1v@prlog.org,Agender,168.93.9.162
69,Lester,Kindred,lkindred1w@wikia.com,Male,99.87.183.229
70,Erwin,Stonard,estonard1x@booking.com,Male,150.51.252.231
71,Rozella,Westcarr,rwestcarr1y@altervista.org,Female,74.166.143.201
72,Lauralee,Chapelhow,lchapelhow1z@imgur.com,Female,177.56.122.200
73,Cross,Tyreman,ctyreman20@newyorker.com,Male,152.221.155.146
74,Kristi,Cottis,kcottis21@soup.io,Female,123.175.39.229
75,Oliy,St Ledger,ostledger22@cornell.edu,Female,253.139.237.205
76,Sandy,Durman,sdurman23@reuters.com,Male,8.28.107.32
77,Cora,Egerton,cegerton24@de.vu,Female,18.29.146.111
78,Virge,Persent,vpersent25@squarespace.com,Male,130.255.251.248
79,Perice,Gonthard,pgonthard26@pagesperso-orange.fr,Bigender,190.150.155.198
80,Ozzy,Jeanel,ojeanel27@ask.com,Male,208.83.100.246
81,Valeria,Mallatratt,vmallatratt28@google.com.hk,Genderqueer,215.171.189.143
82,Dev,Doale,ddoale29@xing.com,Male,153.65.183.175
83,Jasmin,Rubin,jrubin2a@oracle.com,Female,221.118.225.244
84,Zita,Florence,zflorence2b@unblog.fr,Female,49.87.79.163
85,Oswald,Gerard,ogerard2c@theglobeandmail.com,Male,240.126.28.139
86,Michaelina,O'Shaughnessy,moshaughnessy2d@wisc.edu,Female,
87,Bess,Giacoppoli,bgiacoppoli2e@yahoo.co.jp,Female,85.148.142.10
88,Quincey,Chaperling,qchaperling2f@amazon.de,Male,111.213.75.34
89,Katee,Roskell,kroskell2g@statcounter.com,Female,21.196.131.181
90,Vita,Mirralls,vmirralls2h@weather.com,Female,246.90.250.122
91,Jennette,Aharoni,jaharoni2i@facebook.com,Female,217.142.113.160
92,Kelly,Marlen,kmarlen2j@bandcamp.com,Female,64.190.137.194
93,Augustina,Mulcaster,amulcaster2k@ftc.gov,Female,98.26.129.210
94,Brad,Zolini,bzolini2l@state.gov,Polygender,122.3.209.193
95,Drud,Branigan,dbranigan2m@usgs.gov,Male,96.89.96.15
96,Alvy,Leatherborrow,aleatherborrow2n@over-blog.com,Male,80.184.63.52
97,Ebenezer,Roony,eroony2o@guardian.co.uk,Male,
98,Skylar,Moreno,smoreno2p@biglobe.ne.jp,Genderfluid,226.141.22.188
99,Aube,Morewood,amorewood1k@merriam-webster.com,Male,189.225.13.173
100,Kylynn,Tellesson,ktellesson2r@wired.com,Female,120.10.55.61
101,Kora,Baraja,kbaraja2s@nifty.com,Female,174.53.33.97
102,Winny,Paddington,wpaddington2t@bloglovin.com,Female,238.52.250.127
103,Violetta,Kerton,vkerton2u@ycombinator.com,Bigender,186.39.193.170
104,Wilow,Lampel,wlampel2v@paypal.com,Female,53.137.52.32
105,Vittoria,Pennycock,vpennycock2w@oracle.com,Genderfluid,138.107.170.103
106,Gunar,Cannaway,gcannaway2x@sciencedirect.com,Male,175.107.34.170
107,Kelley,Kepp,kkepp2y@google.pl,Bigender,
108,Amabelle,Clawson,aclawson2z@cocolog-nifty.com,Genderfluid,126.113.174.164
109,Tabby,Shellcross,tshellcross30@usda.gov,Female,157.128.41.11
110,Skipper,Orthmann,sorthmann31@google.cn,Male,62.86.52.206
111,Mag,MacPharlain,mmacpharlain32@tuttocitta.it,Female,21.217.145.231
112,Cecilia,Beeze,cbeeze33@japanpost.jp,Female,231.216.66.240
113,Sheffield,O'Growgane,sogrowgane34@canalblog.com,Male,232.64.209.218
114,Carmencita,Obeney,cobeney35@smugmug.com,Non-binary,
115,Adrien,Widdecombe,awiddecombe36@booking.com,Male,221.197.0.167
116,Liam,Camois,lcamois37@msu.edu,Male,155.68.168.198
117,Dosi,Allen,dallen38@friendfeed.com,Female,180.165.149.1
118,Clayson,Pitcaithly,cpitcaithly39@google.nl,Male,151.58.51.3
119,Cyrill,Devenish,cdevenish3a@a8.net,Male,236.6.214.50
120,Shena,Crosfeld,scrosfeld3b@fastcompany.com,Female,131.90.62.208
121,Bentley,Kliemchen,bkliemchen3c@dropbox.com,Male,17.68.177.131
122,Marissa,Showen,mshowen3d@addtoany.com,Female,97.96.61.72
123,Cristian,Aylott,,Male,237.15.243.143
124,Berke,Breckwell,bbreckwell3f@who.int,Male,62.44.63.233
125,Laina,Milverton,lmilverton3g@rediff.com,Female,32.101.50.78
126,Hadleigh,Tuff,htuff3h@unicef.org,Male,40.48.250.38
127,Livvie,Willshere,lwillshere3i@dmoz.org,Female,218.22.167.111
128,Dionysus,Dunseath,ddunseath3j@shutterfly.com,Male,
129,Cybil,Towler,ctowler3k@irs.gov,Female,141.27.192.121
130,Zachary,Berndtssen,zberndtssen3l@over-blog.com,Male,72.222.231.82
131,Maxie,O'Crigan,mocrigan3m@simplemachines.org,Female,25.161.227.134
132,Lalo,Pretti,lpretti3n@uiuc.edu,Male,37.85.30.23
133,Lida,Trynor,ltrynor3o@wikispaces.com,Female,47.255.56.238
134,Chantalle,Fike,cfike3p@google.ru,Female,89.68.128.223
135,Skylar,Hammond,shammond3q@economist.com,Male,162.210.239.103
136,Hendrick,Blencowe,hblencowe3r@discovery.com,Male,158.35.135.27
137,Valli,Audrey,vaudrey3s@washingtonpost.com,Female,226.143.95.24
138,Zora,Arrighini,zarrighini3t@i2i.jp,Female,49.194.42.29
139,Culver,Tourne,ctourne3u@pen.io,Male,60.166.151.208
140,Leoine,Solman,lsolman3v@people.com.cn,Female,198.83.208.179
141,Giffy,Bensen,gbensen3w@tiny.cc,Male,159.153.66.221
142,Dale,Pennazzi,dpennazzi3x@eepurl.com,Male,164.117.74.248
143,Dex,Mewhirter,dmewhirter3y@printfriendly.com,Male,86.233.51.0
144,Pernell,Feake,pfeake3z@hp.com,Male,193.61.224.138
145,Loretta,Dubery,ldubery40@independent.co.uk,Female,60.43.34.178
146,Hiram,Gheeraert,hgheeraert41@paypal.com,Male,19.99.146.70
147,Kalindi,Paulich,kpaulich42@topsy.com,Non-binary,76.238.235.209
148,Simona,Sprakes,ssprakes43@sohu.com,Female,
149,Randi,Lethebridge,rlethebridge44@omniture.com,Genderqueer,80.170.78.114
150,Knox,Marrion,kmarrion45@uiuc.edu,Polygender,96.86.65.43
151,Gaile,Lattimore,glattimore46@4shared.com,Male,155.190.28.158
152,Enoch,Tamburo,etamburo47@ustream.tv,Agender,11.89.42.221
153,Amalle,Clery,aclery48@ning.com,Female,186.127.129.26
154,Willette,Tweedle,wtweedle49@prlog.org,Agender,201.155.107.194
155,Jacob,Wharlton,jwharlton4a@hud.gov,Male,77.75.81.24
156,Corinne,Maunders,cmaunders4b@squarespace.com,Genderfluid,231.97.19.105
157,Thain,Fominov,tfominov4c@canalblog.com,Male,195.235.81.102
158,Tabatha,Argyle,targyle4d@constantcontact.com,Female,218.150.184.113
159,Nanon,Schollick,nschollick4e@booking.com,Female,101.185.37.217
160,Torey,Pickover,tpickover4f@psu.edu,Genderfluid,74.6.5.97
161,Justine,Kowalik,jkowalik4g@theglobeandmail.com,Female,191.174.156.27
162,Jennilee,Mariel,jmariel4h@twitter.com,Female,226.199.46.149
163,Willette,MacGoun,wmacgoun4i@moonfruit.com,Female,52.9.41.28
164,Jobey,Bursnell,jbursnell4j@cbc.ca,Bigender,
165,Roxine,Lacky,rlacky4k@linkedin.com,Female,14.44.180.207
166,Janifer,McCutcheon,jmccutcheon4l@vkontakte.ru,Female,231.116.33.132
167,Dud,Leser,dleser4m@cam.ac.uk,Male,181.92.42.239
168,Sara-ann,Isbell,sisbell4n@opera.com,Female,62.88.83.117
169,Hermia,Nelmes,hnelmes4o@umn.edu,Female,238.96.5.19
170,Tades,Constant,tconstant4p@posterous.com,Male,153.79.206.142
171,Fonzie,Barus,fbarus4q@addthis.com,Male,68.69.69.16
172,Elsa,Tennant,etennant4r@earthlink.net,Polygender,41.45.90.217
173,Gretta,Chaplin,gchaplin4s@myspace.com,Female,233.201.27.66
174,Fernandina,Casillis,fcasillis4t@vimeo.com,Female,242.41.213.103
175,Harold,Ashmore,hashmore4u@infoseek.co.jp,Male,2.237.77.49
176,Jamil,Aherne,jaherne4v@archive.org,Polygender,184.107.175.192
177,Raquela,MacIlraith,rmacilraith4w@angelfire.com,Female,152.89.129.83
178,Gerardo,Perrett,gperrett4x@sciencedaily.com,Male,52.10.88.180
179,Ally,Noice,anoice4y@mlb.com,Female,165.175.74.4
180,Lauralee,Hardcastle,lhardcastle4z@wunderground.com,Female,44.184.222.168
181,Nettle,De Stoop,ndestoop50@usda.gov,Female,33.32.201.225
182,Ronna,Osler,rosler51@msn.com,Female,70.212.199.122
183,Jarid,Shipperbottom,jshipperbottom52@seattletimes.com,Male,167.87.147.159
184,Duffy,Goodisson,dgoodisson53@edublogs.org,Male,216.96.190.131
185,Taffy,Haws,thaws54@cafepress.com,Female,78.42.204.211
186,Georgie,Dorbin,,Female,176.113.128.167
187,Claudian,Klaesson,cklaesson56@blinklist.com,Male,82.115.191.129
188,Andee,Jeckells,ajeckells57@networkadvertising.org,Female,92.240.64.32
189,Ursa,Clampe,uclampe58@sun.com,Female,
190,Barbra,Prest,bprest59@timesonline.co.uk,Female,239.22.39.108
191,Hammad,Pigny,hpigny5a@eventbrite.com,Male,188.96.4.123
192,Connie,Aindrais,caindrais5b@is.gd,Female,27.236.183.121
193,De witt,Anstead,danstead5c@ucla.edu,Male,0.76.143.155
194,Ayn,Spir,aspir5d@businessweek.com,Female,28.196.234.83
195,Antone,Gerhts,agerhts5e@irs.gov,Male,170.135.73.144
196,Gaynor,Stormont,gstormont5f@smugmug.com,Female,63.180.239.236
197,Alister,Whewill,awhewill5g@berkeley.edu,Male,244.164.150.125
198,Chrotoem,Muckian,cmuckian5h@csmonitor.com,Male,53.151.176.130
199,Carolan,Challenor,cchallenor5i@ted.com,Female,44.64.84.175
200,Krishna,Gibbens,kgibbens5j@icio.us,Male,154.181.87.119
201,Trev,Heeley,theeley5k@google.com.au,Male,146.207.210.171
202,Orelee,Boays,oboays5l@geocities.jp,Female,
203,Ely,Milesop,emilesop5m@icq.com,Male,53.225.78.205
204,Mariana,Reichhardt,mreichhardt5n@netscape.com,Genderfluid,
205,Janenna,Pinchback,jpinchback5o@sourceforge.net,Female,11.100.141.163
206,Michale,Parrett,mparrett5p@dropbox.com,Male,34.220.97.165
207,Guillaume,Wickins,gwickins5q@cpanel.net,Male,58.241.107.136
208,Sarette,Thornewill,sthornewill5r@blogspot.com,Female,155.5.31.57
209,Dorelia,Brevetor,dbrevetor5s@upenn.edu,Female,220.252.236.56
210,Luce,Gotcher,lgotcher5t@ifeng.com,Male,203.120.213.88
211,Ira,Grewe,igrewe5u@e-recht24.de,Male,44.124.85.245
212,Mattie,Milmo,mmilmo5v@e-recht24.de,Male,244.134.1.209
213,Margaux,Rubanenko,mrubanenko5w@sbwire.com,Female,173.224.243.75
214,Osbert,Ridulfo,oridulfo5x@china.com.cn,Polygender,
215,Tish,Dunican,tdunican5y@unc.edu,Female,
216,Daren,Hastie,dhastie5z@so-net.ne.jp,Male,0.193.52.218
217,Loy,Orta,lorta60@bloglines.com,Male,16.161.117.133
218,Miof mela,Brevetor,mbrevetor61@wordpress.org,Female,76.48.5.83
219,Armstrong,Tilte,atilte62@merriam-webster.com,Male,191.244.160.238
220,Jillayne,Wheeler,jwheeler63@dedecms.com,Female,55.198.110.226
221,Judd,Swainger,jswainger64@loc.gov,Male,208.134.170.137
222,Giacobo,Brunsdon,gbrunsdon65@hugedomains.com,Male,239.79.105.76
223,Jackelyn,Langmead,jlangmead66@mashable.com,Female,252.77.249.40
224,Parnell,Scobbie,pscobbie67@illinois.edu,Male,156.198.137.104
225,Marcy,Phinn,mphinn68@google.com.au,Female,152.155.126.16
226,Dyanne,Lusgdin,dlusgdin69@bluehost.com,Female,222.255.3.214
227,Liliane,Couche,lcouche6a@dailymotion.com,Female,160.30.91.163
228,Eleonore,Nornasell,enornasell6b@cam.ac.uk,Female,216.170.220.106
229,Brand,Christensen,bchristensen6c@ehow.com,Male,
230,Ellis,Thody,ethody6d@japanpost.jp,Agender,103.159.79.195
231,Cherri,Amiranda,camiranda6e@irs.gov,Female,
232,Pier,Perone,pperone6f@prweb.com,Female,160.45.88.121
233,Skipper,Sabati,ssabati6g@illinois.edu,Bigender,131.243.29.18
234,Merilyn,Tiery,mtiery6h@reverbnation.com,Female,201.200.216.69
235,Daffi,Downton,ddownton6i@rakuten.co.jp,Female,144.149.163.144
236,Rollie,Yexley,ryexley6j@blogtalkradio.com,Male,13.91.83.157
237,Lucinda,Joburn,ljoburn6k@163.com,Female,27.92.6.108
238,Reeba,Schinetti,rschinetti6l@nsw.gov.au,Female,223.146.56.35
239,Douglas,Redley,dredley6m@pinterest.com,Male,228.72.125.125
240,Lucien,Pires,lpires6n@smh.com.au,Male,137.36.236.244
241,Galvan,Rolin,grolin6o@trellian.com,Male,
242,Aryn,Strodder,astrodder6p@tinypic.com,Female,67.105.178.38
243,Tilda,Noller,tnoller6q@intel.com,Female,222.35.193.58
244,Dunstan,Kopmann,dkopmann6r@so-net.ne.jp,Male,27.70.127.99
245,Hadrian,Kike,hkike6s@noaa.gov,Male,216.203.78.216
246,Jenny,Matijevic,jmatijevic6t@auda.org.au,Female,146.135.176.32
247,Arlyne,Stillwell,astillwell6u@home.pl,Female,59.225.210.173
248,Kaylil,Felten,kfelten6v@lycos.com,Female,
249,Kyle,Pettingill,kpettingill6w@geocities.com,Female,158.124.55.111
250,Jo,Rounsivall,jrounsivall6x@moonfruit.com,Genderfluid,163.62.184.255
251,Alexine,Justis,ajustis6y@jimdo.com,Female,142.138.60.251
252,Lindsay,Geraudel,lgeraudel6z@ezinearticles.com,Female,
253,Dinah,McKennan,dmckennan70@amazonaws.com,Female,92.23.54.207
254,Des,Gosnoll,dgosnoll71@toplist.cz,Male,195.181.160.142
255,Shannah,Masdin,smasdin72@furl.net,Female,18.18.147.30
256,Leyla,Lies,llies73@booking.com,Female,203.125.84.179
257,Cletus,Knocker,,Male,191.179.214.119
258,Garald,Rendle,grendle75@tripod.com,Genderfluid,251.119.41.111
259,Amargo,Painswick,apainswick76@vkontakte.ru,Polygender,162.199.210.130
260,Dacey,Rundle,drundle77@cnn.com,Female,
261,Hilarius,De Andisie,hdeandisie78@state.tx.us,Male,175.169.211.192
262,Lowell,Spurden,lspurden79@nytimes.com,Male,242.11.8.186
263,Francois,Brickhill,fbrickhill7a@ovh.net,Male,86.184.94.13
264,Felicio,Kester,fkester7b@meetup.com,Male,
265,Inna,Blumsom,iblumsom7c@nba.com,Female,
266,Mia,Ellicock,mellicock7d@guardian.co.uk,Female,129.242.201.247
267,Silas,Menichelli,smenichelli7e@webnode.com,Male,118.183.96.183
268,Elton,Wybrow,ewybrow7f@usgs.gov,Male,162.7.206.163
269,Zachery,Sutlieff,zsutlieff7g@php.net,Male,122.156.239.234
270,Cyndie,Streater,cstreater7h@xing.com,Female,51.93.206.149
271,Jessi,O'Geaney,jogeaney7i@chicagotribune.com,Polygender,195.158.178.245
272,Letizia,Geldert,lgeldert7j@fastcompany.com,Female,2.26.142.75
273,Elke,Udale,eudale7k@imdb.com,Female,88.155.13.204
274,Etienne,Bolduc,ebolduc7l@theguardian.com,Male,27.30.87.80
275,Neron,Swigg,nswigg7m@google.it,Male,74.61.128.31
276,Kirsteni,Silvers,ksilvers7n@nasa.gov,Genderfluid,20.188.145.38
277,Cari,Gamlyn,cgamlyn7o@nifty.com,Female,134.162.188.42
278,Olav,Giurio,ogiurio7p@nature.com,Male,129.66.16.5
279,Melva,Marriner,mmarriner7q@un.org,Female,182.204.55.203
280,Basia,Cassidy,bcassidy7r@freewebs.com,Female,
281,Joey,Chinnery,jchinnery7s@simplemachines.org,Male,139.141.62.177
282,Cory,Pessolt,cpessolt7t@pen.io,Male,244.13.83.192
283,Ric,Szymanski,rszymanski7u@biglobe.ne.jp,Genderfluid,153.86.149.210
284,Muffin,Tuddall,mtuddall7v@omniture.com,Female,33.237.209.70
285,Domenic,Kerr,dkerr7w@tiny.cc,Male,226.122.80.171
286,Harald,Michiel,hmichiel7x@craigslist.org,Male,
287,Andros,Dany,adany7y@blogtalkradio.com,Male,116.78.141.165
288,Leora,Yitzhakov,lyitzhakov7z@stumbleupon.com,Female,31.203.78.207
289,Kristopher,Klein,kklein80@eventbrite.com,Male,194.54.219.187
290,Ginnie,Housecroft,ghousecroft81@yellowbook.com,Female,95.70.170.87
291,Douglass,Topley,dtopley82@gov.uk,Male,88.179.93.189
292,Liza,Sinisbury,lsinisbury83@so-net.ne.jp,Female,
293,Gayelord,Strugnell,gstrugnell84@jiathis.com,Male,50.142.145.105
294,Alexandra,Hirjak,ahirjak85@sciencedirect.com,Female,
295,Haleigh,Davidoff,hdavidoff86@oakley.com,Non-binary,160.23.188.195
296,Zorina,Hackey,zhackey87@marketwatch.com,Female,174.181.9.226
297,Brenden,Abramovic,babramovic88@ca.gov,Male,247.103.31.164
298,Art,Acuna,aacuna89@networkadvertising.org,Male,82.200.85.135
299,Sarina,Stanistrete,sstanistrete8a@redcross.org,Female,238.231.14.204
300,Fee,Chettle,fchettle8b@unicef.org,Male,150.90.10.145
301,Chandra,Currum,ccurrum8c@acquirethisname.com,Female,207.166.18.45
302,Ash,Boggon,aboggon8d@google.es,Male,
303,Hillyer,Guierre,hguierre8e@howstuffworks.com,Male,100.22.163.204
304,Rochell,Rimbault,rrimbault8f@tinyurl.com,Bigender,43.133.242.86
305,Costanza,Waycot,cwaycot8g@zimbio.com,Female,
306,Tally,Filde,tfilde8h@aboutads.info,Male,55.99.38.145
307,Blaine,Badham,bbadham8i@auda.org.au,Male,71.164.146.213
308,Evangelia,Edwicker,eedwicker8j@oakley.com,Female,110.123.79.219
309,Luigi,Beecroft,lbeecroft8k@liveinternet.ru,Male,78.18.4.132
310,Yevette,Pearmine,ypearmine8l@aboutads.info,Female,127.198.240.209
311,Calla,Ethelstone,cethelstone8m@rediff.com,Female,80.91.32.237
312,Margette,Petigrew,mpetigrew8n@cyberchimps.com,Female,28.168.247.0
313,Lucy,Horder,lhorder8o@telegraph.co.uk,Female,
314,Budd,Laxson,blaxson8p@google.com.au,Male,22.113.17.25
315,Arline,Brandino,abrandino8q@harvard.edu,Female,176.54.223.89
316,Bell,Gorden,bgorden8r@vkontakte.ru,Female,210.55.18.193
317,Illa,Dundendale,idundendale8s@independent.co.uk,Female,
318,Ephrem,Jessett,ejessett8t@ucoz.ru,Male,156.124.202.21
319,Alano,Carabine,acarabine8u@engadget.com,Genderqueer,159.216.126.142
320,Erna,Normant,enormant8v@deviantart.com,Female,211.48.241.241
321,Catrina,Ferfulle,cferfulle8w@slideshare.net,Female,111.57.35.153
322,Fanechka,Kenzie,fkenzie8x@paypal.com,Female,52.231.37.146
323,Genovera,Binnie,gbinnie8y@ezinearticles.com,Female,131.240.6.70
324,Rozanne,De Dantesie,rdedantesie8z@wufoo.com,Female,255.139.56.28
325,Florette,Klaessen,fklaessen90@blogtalkradio.com,Female,135.182.69.64
326,Antonius,Kaley,akaley91@instagram.com,Male,85.122.71.179
327,Clevey,Dumbelton,cdumbelton92@tmall.com,Male,149.245.36.162
328,Tandie,Fransman,tfransman93@networksolutions.com,Genderqueer,
329,Burt,Tebbett,btebbett94@unesco.org,Male,233.18.175.14
330,Erv,Birkenshaw,ebirkenshaw95@vimeo.com,Male,209.254.200.183
331,Noam,Jurkowski,njurkowski96@devhub.com,Male,224.186.23.146
332,Munmro,Chilvers,mchilvers97@pcworld.com,Male,21.95.10.54
333,Wyndham,Balazs,wbalazs98@wp.com,Male,
334,Bary,Cran,bcran99@mozilla.org,Male,147.45.27.146
335,Lewiss,Fearn,lfearn9a@diigo.com,Male,21.126.90.20
336,Zed,Oliveras,zoliveras9b@thetimes.co.uk,Male,61.1.16.154
337,Basilius,Robinson,brobinson9c@un.org,Male,204.27.176.70
338,Schuyler,Gillian,sgillian9d@wikimedia.org,Male,235.174.184.16
339,Siward,Twinbourne,stwinbourne9e@google.co.uk,Male,222.247.21.150
340,Pavlov,Meeny,pmeeny9f@dion.ne.jp,Male,75.99.16.245
341,Jarib,Jakobssen,jjakobssen9g@comsenz.com,Male,
342,Joelly,Enoksson,jenoksson9h@miitbeian.gov.cn,Agender,162.89.240.252
343,Winny,Hindmoor,whindmoor9i@blinklist.com,Female,254.230.59.171
344,Arliene,Wakes,awakes9j@earthlink.net,Female,245.196.235.240
345,Spike,Gent,sgent9k@businesswire.com,Genderfluid,121.90.36.58
346,Amelina,Duham,aduham9l@hud.gov,Female,202.233.212.145
347,Bastian,Devote,bdevote9m@abc.net.au,Male,90.172.99.212
348,Emile,Coggon,ecoggon9n@intel.com,Male,56.200.176.6
349,Loria,Eastam,leastam9o@vkontakte.ru,Female,251.41.147.23
350,Ode,Bruyntjes,obruyntjes9p@mozilla.org,Male,224.170.163.0
351,Sonja,Rubenovic,srubenovic9q@jimdo.com,Non-binary,141.189.110.64
352,Cheri,Scawen,cscawen9r@ning.com,Female,
353,Athene,Yellowlee,ayellowlee9s@skype.com,Female,140.140.26.9
354,Ingra,Soares,isoares9t@senate.gov,Male,105.66.100.236
355,Mick,Sparrowe,msparrowe9u@altervista.org,Male,206.83.216.239
356,Edsel,Dominguez,edominguez9v@dailymail.co.uk,Male,11.210.249.242
357,Fionnula,Vergo,fvergo9w@hc360.com,Female,2.119.159.128
358,Lefty,Guiett,lguiett9x@unc.edu,Male,153.127.244.213
359,Clayborn,Charsley,ccharsley9y@nhs.uk,Genderfluid,210.84.160.62
360,Bennett,Sawkin,bsawkin9z@amazon.co.jp,Male,94.157.121.135
361,Dorie,Iffe,diffea0@wufoo.com,Female,141.170.65.121
362,Margot,Scawen,mscawena1@alibaba.com,Polygender,15.41.68.90
363,Demeter,Khomich,dkhomicha2@vistaprint.com,Female,56.198.151.225
364,Rosalinde,Roof,rroofa3@prlog.org,Female,20.119.137.125
365,Berny,Wolffers,bwolffersa4@google.com.br,Female,76.72.255.83
366,Mattie,Goslin,mgoslina5@ucsd.edu,Female,113.148.136.46
367,Linnie,Buzin,lbuzina6@facebook.com,Female,242.27.241.225
368,Jayson,Dagwell,jdagwella7@foxnews.com,Male,69.50.233.220
369,Goran,MacCaughan,gmaccaughana8@netlog.com,Male,175.200.156.201
370,Maddy,Iannini,mianninia9@mayoclinic.com,Male,23.155.217.23
371,Heath,Coulthurst,hcoulthurstaa@nbcnews.com,Female,183.191.239.178
372,Lizbeth,Fillis,lfillisab@51.la,Female,129.79.178.116
373,Ricky,Dumke,rdumkeac@people.com.cn,Male,110.80.255.101
374,Terrill,Acarson,tacarsonad@bloglines.com,Male,84.181.60.158
375,Darbee,Dray,ddrayae@columbia.edu,Male,122.80.20.49
376,Franchot,Bote,fboteaf@bluehost.com,Male,222.187.80.109
377,Dora,Fritschel,dfritschelag@techcrunch.com,Female,32.4.199.228
378,Masha,McKune,mmckuneah@ebay.com,Female,28.1.209.251
379,Tull,Kettlewell,tkettlewellai@soundcloud.com,Male,20.156.222.237
380,Stormy,Conyers,sconyersaj@mac.com,Female,40.184.102.242
381,Ajay,Coventon,acoventonak@lycos.com,Female,204.229.162.227
382,Lonni,Gravell,lgravellal@etsy.com,Genderqueer,77.198.241.244
383,Devlin,Renals,drenalsam@plala.or.jp,Genderfluid,79.165.116.127
384,Clevey,Purkins,cpurkinsan@sitemeter.com,Male,
385,Cristy,Nockells,cnockellsao@1688.com,Female,138.208.138.80
386,Kelci,Knutton,kknuttonap@arizona.edu,Female,190.176.122.19
387,Aggy,Mallindine,,Female,32.169.32.32
388,Cristy,Cicero,cciceroar@nba.com,Female,179.9.67.66
389,Martie,Frankish,mfrankishas@aboutads.info,Male,65.42.199.29
390,Jasper,Roderighi,jroderighiat@columbia.edu,Genderfluid,79.190.117.10
391,Tyrone,Trevillion,ttrevillionau@so-net.ne.jp,Male,
392,Brooks,Collingworth,bcollingworthav@guardian.co.uk,Female,131.231.111.236
393,Faydra,Oret,foretaw@discuz.net,Female,
394,Gae,Nunan,gnunanax@rambler.ru,Female,71.118.228.140
395,Simmonds,Regis,,Male,47.141.170.149
396,Allianora,Jozsika,ajozsikaaz@slideshare.net,Female,
397,Celinka,Davis,cdavisb0@ustream.tv,Genderqueer,107.56.38.50
398,Alexandro,McLean,amcleanb1@ucsd.edu,Male,120.106.189.42
399,Berk,Lalley,blalleyb2@storify.com,Bigender,229.20.192.1
400,Mort,Coulton,mcoultonb3@si.edu,Male,150.9.222.171
401,Octavius,Orrobin,oorrobinb4@zimbio.com,Male,241.248.65.33
402,Shurlock,Wonfor,swonforb5@flickr.com,Male,158.58.214.150
403,Marta,Vinten,mvintenb6@abc.net.au,Female,
404,Giacomo,Goadby,ggoadbyb7@vk.com,Male,204.150.224.226
405,Gerianne,Giffard,ggiffardb8@e-recht24.de,Female,135.123.253.220
406,Titus,Caress,tcaressb9@oracle.com,Male,129.34.171.64
407,Evita,Jacobsen,,Female,188.4.78.195
408,Bertrand,Lakenton,blakentonbb@aol.com,Male,
409,Pearle,Saket,psaketbc@bloomberg.com,Female,225.189.187.138
410,Meredeth,O'Lyhane,molyhanebd@shop-pro.jp,Male,243.15.126.102
411,Ruddy,Apfel,rapfelbe@phoca.cz,Male,172.202.59.176
412,Mikkel,Conrard,mconrardbf@jimdo.com,Genderqueer,124.246.205.33
413,Rurik,Morritt,rmorrittbg@de.vu,Male,83.25.2.1
414,Meagan,Yaldren,myaldrenbh@sphinn.com,Female,60.150.186.234
415,Meier,Loan,mloanbi@blogspot.com,Male,141.94.85.61
416,Cedric,Chessun,cchessunbj@dagondesign.com,Male,
417,Ben,Blethin,bblethinbk@cnbc.com,Male,32.114.218.239
418,Lori,Foy,,Female,73.31.35.160
419,Gav,Sterman,gstermanbm@blog.com,Male,225.78.41.56
420,Jorrie,Tebbe,jtebbebn@rediff.com,Female,150.233.199.32
421,Melina,Daintry,mdaintrybo@wired.com,Female,103.207.236.177
422,Lay,Friman,lfrimanbp@businesswire.com,Male,173.203.23.212
423,Carce,Begg,cbeggbq@list-manage.com,Male,198.180.60.121
424,Inglis,Itzak,iitzakbr@un.org,Male,9.87.154.23
425,Heinrick,Webster,hwebsterbs@4shared.com,Male,172.139.61.84
426,Violetta,Ivashintsov,vivashintsovbt@slate.com,Female,228.180.26.126
427,Christan,Fellona,cfellonabu@desdev.cn,Female,120.93.88.244
428,Joachim,Britch,jbritchbv@nbcnews.com,Male,152.65.57.53
429,Brianne,Dillinton,bdillintonbw@europa.eu,Female,44.125.178.21
430,Chrisy,Fairfull,cfairfullbx@behance.net,Male,
431,Thomasin,Birkenhead,tbirkenheadby@behance.net,Female,233.46.93.188
432,Netta,Gisbourn,ngisbournbz@hexun.com,Polygender,91.249.91.114
433,Ari,Ever,aeverc0@merriam-webster.com,Male,166.194.149.103
434,Des,Kirimaa,dkirimaac1@sitemeter.com,Male,243.41.57.107
435,Benjamen,Bohills,bbohillsc2@google.ca,Male,26.121.99.206
436,Bruce,Meriel,bmerielc3@sciencedirect.com,Male,61.255.130.214
437,Mendy,Ducker,mduckerc4@time.com,Male,116.178.155.126
438,Robby,Lesek,rlesekc5@craigslist.org,Female,144.149.172.170
439,Lindsay,Springate,lspringatec6@ameblo.jp,Male,139.54.111.184
440,Delmor,Mattaser,dmattaserc7@salon.com,Polygender,74.233.155.94
441,Lester,Hambribe,lhambribec8@ocn.ne.jp,Male,203.124.229.66
442,Humfried,Pattison,hpattisonc9@ftc.gov,Male,223.162.168.185
443,Anthiathia,Loveguard,aloveguardca@sciencedirect.com,Genderfluid,1.89.168.168
444,Jacqueline,Sandham,jsandhamcb@friendfeed.com,Female,57.215.241.97
445,Perice,Hegden,phegdencc@cocolog-nifty.com,Male,231.58.224.78
446,Monro,Leavy,mleavycd@cbslocal.com,Male,192.188.195.175
447,Drucill,Faughny,dfaughnyce@topsy.com,Female,7.191.115.33
448,Chad,Lehrian,clehriancf@hibu.com,Female,244.91.210.94
449,Leicester,Guinnane,lguinnanecg@hugedomains.com,Male,43.154.120.212
450,Talbot,Ellph,tellphch@123-reg.co.uk,Male,33.9.233.14
451,Vanda,Mintoft,,Female,235.226.113.189
452,Dion,Linster,dlinstercj@seesaa.net,Female,98.124.160.112
453,Augustina,Kibbee,akibbeeck@geocities.com,Female,37.180.47.96
454,Lionello,Mattusevich,lmattusevichcl@springer.com,Male,105.188.136.4
455,Marketa,Kilroy,mkilroycm@histats.com,Female,229.88.121.88
456,Ringo,Binnall,rbinnallcn@fema.gov,Male,119.3.81.68
457,Claude,Boniface,,Female,
458,Heriberto,Bosomworth,hbosomworthcp@domainmarket.com,Male,
459,Butch,Mitcheson,bmitchesoncq@samsung.com,Male,21.132.103.201
460,Gabbie,Housam,ghousamcr@china.com.cn,Female,133.121.192.226
461,Toby,Edmead,tedmeadcs@pinterest.com,Female,189.166.200.252
462,Bern,Kopman,bkopmanct@europa.eu,Male,183.242.173.39
463,Ximenez,Ugolini,xugolinicu@seesaa.net,Male,65.228.180.65
464,Alphonse,Ferreo,aferreocv@cocolog-nifty.com,Male,134.169.83.229
465,Killy,Burd,kburdcw@paginegialle.it,Male,36.183.254.25
466,Karilynn,Beranek,kberanekcx@is.gd,Female,249.55.192.32
467,Frederico,Comben,fcombency@columbia.edu,Male,
468,Haslett,Hansley,hhansleycz@omniture.com,Genderqueer,1.15.138.48
469,Jennica,Fadian,jfadiand0@github.com,Female,
470,Martynne,Glasscott,mglasscottd1@liveinternet.ru,Female,61.88.29.251
471,Ameline,Beagrie,abeagried2@arizona.edu,Female,159.35.87.194
472,Tedie,De Beneditti,tdebenedittid3@un.org,Male,76.160.16.82
473,Ally,Randell,arandelld4@ox.ac.uk,Female,90.71.34.143
474,Skelly,Delph,sdelphd5@biglobe.ne.jp,Male,169.230.139.211
475,Duffie,Bickerdyke,dbickerdyked6@jugem.jp,Male,190.57.116.7
476,Thatch,Fisbey,tfisbeyd7@goo.ne.jp,Bigender,126.27.111.84
477,Krishnah,Reichartz,kreichartzd8@wix.com,Male,44.94.99.194
478,Emyle,Jephson,ejephsond9@cisco.com,Female,76.139.10.134
479,Raina,Fearneley,rfearneleyda@reddit.com,Female,140.183.42.147
480,Cherie,Dunkley,cdunkleydb@tripadvisor.com,Female,31.208.84.114
481,Ivan,Sydenham,isydenhamdc@gizmodo.com,Male,
482,Leann,Doree,ldoreedd@woothemes.com,Female,188.180.88.84
483,Lodovico,Tyas,ltyasde@guardian.co.uk,Male,
484,Gusta,Makin,,Female,
485,Charline,Le Gallo,clegallodg@buzzfeed.com,Female,166.209.182.242
486,Otis,Bestwall,obestwalldh@flavors.me,Male,167.204.214.101
487,Hana,Leverich,hleverichdi@technorati.com,Female,176.54.118.94
488,Willa,Funcheon,wfuncheondj@springer.com,Female,49.232.227.106
489,Nadine,Butterley,nbutterleydk@wp.com,Female,121.180.145.182
490,Maisey,Raraty,mraratydl@ebay.com,Female,247.104.175.255
491,Giacomo,Aizkovitch,gaizkovitchdm@senate.gov,Male,193.44.147.219
492,Javier,Gilbart,jgilbartdn@aol.com,Male,97.9.3.199
493,Cally,Ditchburn,cditchburndo@independent.co.uk,Female,122.226.87.136
494,Torr,Bolmann,tbolmanndp@lulu.com,Male,
495,Mommy,Hitzke,mhitzkedq@webeden.co.uk,Female,196.185.8.164
496,Fiorenze,Sisse,fsissedr@bloglines.com,Female,
497,Alick,Cromleholme,acromleholmeds@shareasale.com,Male,194.168.130.134
498,Zarah,Capsey,zcapseydt@nymag.com,Female,234.115.180.40
499,Elsa,Smart,esmartdu@prlog.org,Female,124.179.40.158
500,Cullie,Cheake,ccheakedv@is.gd,Male,192.144.57.43
501,Shanan,Cottam,scottamdw@buzzfeed.com,Male,80.5.228.245
502,Rodolph,Neles,rnelesdx@washington.edu,Male,41.194.159.196
503,Gunar,Jugging,gjuggingdy@unblog.fr,Male,222.8.137.248
504,Janette,O'Criane,jocrianedz@nba.com,Female,235.249.211.1
505,Kareem,Gilderoy,kgilderoye0@prweb.com,Male,203.1.41.35
506,Kassandra,Dumper,kdumpere1@aboutads.info,Female,96.239.128.122
507,Orson,Keable,okeablee2@imgur.com,Male,87.2.153.164
508,Bink,Swainger,bswaingere3@telegraph.co.uk,Male,227.136.2.243
509,Earlie,Zouch,ezouche4@usatoday.com,Male,30.191.126.137
510,Vonnie,Dignan,vdignane5@fda.gov,Female,103.230.141.186
511,Helsa,Adame,hadamee6@typepad.com,Female,217.160.223.55
512,Maurise,Jakubovics,mjakubovicse7@google.fr,Female,
513,Murry,Hizir,mhizire8@biglobe.ne.jp,Male,70.254.122.220
514,Shae,Gullen,sgullene9@prweb.com,Female,201.163.207.3
515,Manolo,Phillimore,mphillimoreea@quantcast.com,Male,233.132.38.105
516,Augustine,Alexandrescu,aalexandrescueb@dmoz.org,Female,220.152.185.229
517,Agretha,Weedenburg,aweedenburgec@vk.com,Female,38.197.82.199
518,Joelly,Conws,jconwsed@goo.ne.jp,Female,176.141.86.146
519,Marga,Kloser,mkloseree@delicious.com,Female,247.122.170.207
520,Marlow,Davidovitz,mdavidovitzef@dagondesign.com,Male,169.61.78.177
521,Bunni,Bloxsum,bbloxsumeg@bluehost.com,Female,
522,Cordelie,Fairbard,cfairbardeh@feedburner.com,Female,159.34.167.221
523,Ryley,Calcraft,rcalcraftei@quantcast.com,Male,
524,Neilla,Philipps,nphilippsej@wsj.com,Female,127.35.200.128
525,Cordelia,Cherm,cchermek@skyrock.com,Female,251.40.73.160
526,Franny,Bannell,fbannellel@de.vu,Polygender,63.104.85.204
527,Janine,Warbeys,jwarbeysem@hostgator.com,Female,187.94.202.136
528,Boigie,Mandre,bmandreen@privacy.gov.au,Agender,1.91.104.77
529,Pansy,Mellenby,pmellenbyeo@wikia.com,Female,42.54.143.97
530,Rudie,Billington,rbillingtonep@xinhuanet.com,Male,10.53.119.237
531,Salomone,Brouncker,sbrounckereq@shareasale.com,Male,122.193.179.157
532,Shae,Wilton,swiltoner@com.com,Male,
533,Tedmund,MacPhail,tmacphailes@cisco.com,Male,19.67.28.63
534,Travis,Pieracci,tpieracciet@360.cn,Male,46.218.180.60
535,Abdul,Heningham,aheninghameu@free.fr,Genderqueer,207.194.40.2
536,Brandise,Ryce,bryceev@booking.com,Female,75.202.40.74
537,Gregg,Scritch,gscritchew@aol.com,Male,
538,Eadie,Allworthy,eallworthyex@hugedomains.com,Female,133.173.94.143
539,Alexandr,Paffett,apaffettey@utexas.edu,Male,66.1.131.7
540,Phineas,Yakuntzov,pyakuntzovez@pagesperso-orange.fr,Male,181.247.125.216
541,Guillema,Filtness,gfiltnessf0@linkedin.com,Female,73.86.161.210
542,Kora,Paulino,kpaulinof1@mtv.com,Female,
543,Riordan,Treeby,rtreebyf2@wikispaces.com,Male,75.71.87.77
544,Vaughn,Sturdey,vsturdeyf3@dedecms.com,Male,186.138.53.43
545,Nina,Kiddell,nkiddellf4@xrea.com,Female,250.191.167.131
546,Louisette,Addams,laddamsf5@nhs.uk,Female,125.158.8.196
547,Maribelle,Dosdell,mdosdellf6@va.gov,Female,229.75.63.32
548,Harriot,Ewbanck,hewbanckf7@wordpress.com,Female,63.172.14.65
549,Hestia,Jelly,hjellyf8@usa.gov,Female,26.148.51.82
550,Corbett,Witcombe,cwitcombef9@senate.gov,Male,200.189.201.229
551,Nonnah,Rampage,nrampagefa@myspace.com,Female,178.167.25.52
552,Bryn,Sherman,bshermanfb@huffingtonpost.com,Female,196.154.130.247
553,Zane,Jerzak,zjerzakfc@shutterfly.com,Male,33.228.79.109
554,Abbot,Perrat,aperratfd@google.co.jp,Male,11.4.40.250
555,Teddie,Falconer,tfalconerfe@answers.com,Female,103.104.38.217
556,Laurene,Muskett,lmuskettff@illinois.edu,Female,34.10.184.125
557,Wadsworth,Elcott,welcottfg@tuttocitta.it,Male,168.170.46.197
558,Hermon,Crosbie,hcrosbiefh@sphinn.com,Male,106.187.195.19
559,Axe,Otter,aotterfi@boston.com,Male,38.150.242.116
560,Fredrika,McCormack,fmccormackfj@amazon.co.jp,Female,226.189.217.136
561,Curcio,Lohering,cloheringfk@reverbnation.com,Male,29.255.162.225
562,Anabella,Walhedd,awalheddfl@istockphoto.com,Female,152.47.238.3
563,Audie,Abramsky,aabramskyfm@ucsd.edu,Female,33.43.31.108
564,Jorgan,Mainson,jmainsonfn@ovh.net,Male,75.38.115.8
565,Rosamond,Lamputt,rlamputtfo@whitehouse.gov,Female,154.225.64.52
566,Rustie,Bagge,rbaggefp@youtu.be,Male,109.242.93.18
567,Law,Bianco,lbiancofq@t-online.de,Male,188.135.55.45
568,Doug,Jirieck,djirieckfr@aboutads.info,Male,81.206.213.52
569,Bear,Cullington,bcullingtonfs@mapquest.com,Male,30.0.30.101
570,Rex,Chatin,rchatinft@rakuten.co.jp,Polygender,234.194.235.216
571,Cordelie,Fearns,cfearnsfu@webnode.com,Agender,
572,Janaya,Udale,judalefv@indiatimes.com,Bigender,203.117.240.186
573,Bonnibelle,Longhorne,blonghornefw@fema.gov,Female,10.215.189.184
574,Bengt,Sprowell,bsprowellfx@pcworld.com,Bigender,107.243.86.245
575,Elsy,Danielut,edanielutfy@jimdo.com,Female,63.98.127.207
576,Alyson,Bertolin,abertolinfz@gmpg.org,Female,185.63.62.33
577,Brett,Girodin,bgiroding0@blogs.com,Male,
578,Edlin,Middup,emiddupg1@epa.gov,Male,15.49.152.167
579,Dolph,Garroway,dgarrowayg2@studiopress.com,Male,60.197.220.216
580,Ruggiero,Sulley,rsulleyg3@woothemes.com,Male,98.134.147.126
581,Johnathan,Tustin,jtusting4@phoca.cz,Male,
582,Shaine,Ditzel,sditzelg5@sun.com,Female,106.240.167.146
583,Freedman,Housin,fhousing6@networksolutions.com,Male,213.18.70.52
584,Laughton,Budd,lbuddg7@1und1.de,Male,21.213.86.204
585,Abran,Fain,afaing8@statcounter.com,Male,
586,Fraze,Mac Giolla Pheadair,fmacgiollapheadairg9@slideshare.net,Male,176.234.64.35
587,Robenia,Sabbins,rsabbinsga@microsoft.com,Polygender,
588,Shaw,Scherer,sscherergb@ycombinator.com,Male,8.251.188.85
589,Henderson,O'Mullally,homullallygc@who.int,Genderqueer,169.19.31.159
590,Sophia,Campany,scampanygd@google.co.uk,Female,0.33.235.4
591,Selma,Patrickson,spatricksonge@infoseek.co.jp,Female,
592,Kerrill,Feore,kfeoregf@ucla.edu,Female,234.84.95.178
593,Caty,Messer,cmessergg@slashdot.org,Female,107.153.251.103
594,Tait,Gilham,tgilhamgh@so-net.ne.jp,Male,245.29.114.253
595,Clarissa,Binton,cbintongi@go.com,Genderfluid,220.158.253.130
596,Truman,Robberecht,trobberechtgj@springer.com,Male,137.8.60.210
597,Tilda,Kobu,tkobugk@godaddy.com,Female,165.112.202.213
598,Winthrop,Prozescky,wprozesckygl@elegantthemes.com,Male,45.147.153.207
599,Gilligan,La Wille,glawillegm@webnode.com,Female,20.54.109.179
600,Malanie,Fallanche,mfallanchegn@youtube.com,Female,
601,Mickey,Cana,mcanago@hp.com,Male,173.108.159.190
602,Wynny,Tipton,wtiptongp@boston.com,Female,184.140.94.86
603,Cornell,Symes,csymesgq@blogger.com,Male,150.72.58.9
604,Lizzie,MacGaughey,lmacgaugheygr@mapy.cz,Female,
605,Gladi,Atcock,gatcockgs@opera.com,Female,150.225.43.88
606,Dallas,Cliff,dcliffgt@about.com,Male,66.8.47.130
607,Paulo,Tetsall,ptetsallgu@unblog.fr,Male,0.218.65.156
608,Ashley,Reddihough,areddihoughgv@cornell.edu,Male,160.199.24.168
609,Sibelle,Stanlack,sstanlackgw@imdb.com,Female,73.210.64.6
610,Brad,Bentley,bbentleygx@java.com,Male,165.225.241.122
611,Nettle,Ramalho,nramalhogy@wikimedia.org,Female,162.192.19.107
612,Huberto,Parkes,hparkesgz@amazon.co.uk,Male,60.92.89.237
613,Stephan,Senescall,ssenescallh0@domainmarket.com,Male,4.87.136.189
614,Dael,Stockle,dstockleh1@mtv.com,Male,28.149.200.169
615,Berk,McSkeagan,bmcskeaganh2@nytimes.com,Male,26.57.57.19
616,Cherish,Moniker,cmonikerh3@uiuc.edu,Female,252.68.5.168
617,Shadow,Cejka,,Male,110.65.195.73
618,Gianni,Focke,gfockeh5@google.fr,Male,152.237.5.0
619,Clyve,Kemwall,,Male,
620,Vidovik,Eddison,veddisonh7@dedecms.com,Male,110.17.17.202
621,Jase,Steeples,jsteeplesh8@springer.com,Male,177.74.246.48
622,Georgi,Kauble,gkaubleh9@phpbb.com,Male,136.177.94.39
623,Leicester,Treby,ltrebyha@huffingtonpost.com,Male,33.98.109.181
624,Arny,Breewood,abreewoodhb@google.co.jp,Male,45.158.245.154
625,Barry,Kliemchen,bkliemchenhc@nps.gov,Male,198.185.155.25
626,Sax,Poulney,spoulneyhd@apache.org,Male,180.71.59.72
627,Zach,Boldecke,zboldeckehe@paypal.com,Male,126.126.106.181
628,Joscelin,Renne,jrennehf@dyndns.org,Non-binary,215.36.177.235
629,Camilla,O'Tierney,cotierneyhg@wikipedia.org,Female,118.135.46.2
630,Ricki,Bartolijn,rbartolijnhh@toplist.cz,Female,74.170.245.232
631,Humbert,Coenraets,hcoenraetshi@narod.ru,Male,78.36.119.30
632,Luz,Ivery,liveryhj@plala.or.jp,Polygender,222.20.3.192
633,Shanda,Sheaf,ssheafhk@umn.edu,Female,153.103.57.117
634,Johnnie,Martinec,jmartinechl@google.de,Male,191.21.18.226
635,Gray,Gerrie,,Male,105.56.241.49
636,Theda,Mingaud,tmingaudhn@marketwatch.com,Female,85.21.131.222
637,Win,Pinnijar,wpinnijarho@sogou.com,Male,137.77.0.5
638,Megen,Krochmann,mkrochmannhp@about.me,Female,172.91.40.237
639,Steffi,Mullane,smullanehq@artisteer.com,Female,126.68.11.199
640,Elianora,Margram,emargramhr@cornell.edu,Female,148.227.38.88
641,Chev,Orbine,corbinehs@rediff.com,Male,147.159.209.171
642,Korella,Le Gallo,klegalloht@wiley.com,Female,153.13.23.114
643,Julietta,Shemmans,jshemmanshu@instagram.com,Female,116.170.100.89
644,Franni,Roome,froomehv@biglobe.ne.jp,Female,123.113.41.56
645,Tersina,Condy,tcondyhw@sciencedirect.com,Female,
646,Kaycee,Eymor,keymorhx@homestead.com,Female,105.118.80.168
647,Klemens,Dallender,kdallenderhy@cnbc.com,Male,13.59.111.104
648,Aryn,Sellek,asellekhz@nationalgeographic.com,Female,52.2.223.233
649,Elna,Dyche,edychei0@macromedia.com,Female,253.249.31.133
650,Aurora,Rosenshine,arosenshinei1@tmall.com,Female,70.40.124.89
651,Maxy,Chettle,mchettlei2@princeton.edu,Male,158.211.167.218
652,Etienne,Gaskin,egaskini3@i2i.jp,Male,216.154.39.60
653,Tatiania,Dacke,tdackei4@telegraph.co.uk,Female,
654,Lianne,Caramuscia,lcaramusciai5@opensource.org,Non-binary,211.69.19.105
655,Dareen,Birchenhead,dbirchenheadi6@wordpress.com,Female,100.46.237.7
656,Belia,Tompkinson,btompkinsoni7@unc.edu,Female,216.137.175.138
657,Howey,Exall,hexalli8@cornell.edu,Male,
658,Dara,Szymoni,dszymonii9@reddit.com,Female,202.223.216.88
659,Elias,Empleton,eempletonia@netscape.com,Male,69.158.44.74
660,Rudiger,Allder,rallderib@unc.edu,Male,173.184.178.156
661,Gil,MacNally,gmacnallyic@utexas.edu,Male,159.27.111.189
662,Wolfgang,Boyford,wboyfordid@mlb.com,Male,160.157.78.134
663,Roddy,Willacot,rwillacotie@1688.com,Male,136.184.63.176
664,Jefferson,Lightning,jlightningif@goo.ne.jp,Male,84.147.242.195
665,Dennet,Witherington,dwitheringtonig@pagesperso-orange.fr,Male,203.161.202.83
666,Othilie,Paffitt,opaffittih@wiley.com,Female,149.228.174.73
667,Marcello,Tolussi,mtolussiii@gizmodo.com,Male,163.50.93.233
668,Theresina,Marqyes,tmarqyesij@gizmodo.com,Female,51.249.7.50
669,Dominic,Samsin,dsamsinik@bloglines.com,Male,31.228.8.144
670,Bertrando,DelaField,bdelafieldil@ask.com,Male,51.156.200.127
671,Gwenny,Peggram,gpeggramim@sbwire.com,Non-binary,42.59.142.197
672,Eberto,Duiguid,eduiguidin@google.com,Male,148.38.120.5
673,Dorita,Poff,dpoffio@illinois.edu,Non-binary,70.209.13.43
674,Bary,Eskrick,beskrickip@edublogs.org,Male,75.1.68.83
675,Theodora,Dailly,tdaillyiq@slate.com,Female,12.209.63.209
676,Keefer,Mearing,kmearingir@npr.org,Male,210.145.211.194
677,Darcey,Faivre,dfaivreis@clickbank.net,Female,152.181.237.61
678,Gage,McCaughen,gmccaughenit@vistaprint.com,Male,106.134.177.163
679,Alexio,Lovel,aloveliu@amazon.com,Male,101.225.134.157
680,Valentijn,McKenney,vmckenneyiv@utexas.edu,Male,
681,Allen,Malatalant,amalatalantiw@hexun.com,Male,50.248.35.153
682,Pippy,Betser,pbetserix@disqus.com,Female,125.68.64.108
683,Eileen,Hacquel,ehacqueliy@usnews.com,Female,105.199.152.115
684,Mandel,Champneys,mchampneysiz@google.es,Male,179.72.194.155
685,Goldi,Fannon,gfannonj0@nbcnews.com,Female,231.190.44.69
686,Koenraad,Bemment,kbemmentj1@marketwatch.com,Male,219.103.181.1
687,Regen,Tuffey,rtuffeyj2@washingtonpost.com,Male,254.153.174.128
688,Jedd,Darbyshire,jdarbyshirej3@goodreads.com,Male,114.87.220.0
689,Baily,Castelletti,bcastellettij4@livejournal.com,Genderfluid,230.154.52.186
690,Danya,Sones,dsonesj5@marketwatch.com,Male,254.144.23.49
691,Benjamin,Camplejohn,bcamplejohnj6@canalblog.com,Polygender,164.84.1.248
692,Thea,Ginner,tginnerj7@deliciousdays.com,Female,
693,Emelita,Whistan,ewhistanj8@yahoo.com,Female,198.85.38.243
694,Dolores,Normandale,dnormandalej9@bing.com,Female,238.231.54.185
695,Shawn,Searchfield,ssearchfieldja@discuz.net,Female,50.18.17.68
696,Curry,Hurley,churleyjb@elpais.com,Bigender,219.166.139.138
697,Xylina,Couser,xcouserjc@macromedia.com,Female,194.11.173.212
698,Lindsy,Croose,lcroosejd@cisco.com,Female,
699,Bo,Pavie,bpavieje@google.de,Male,213.42.59.207
700,Seka,Coslett,scoslettjf@pbs.org,Female,123.210.169.55
701,Kristoffer,Melior,,Genderqueer,201.2.181.145
702,Yvor,Fuentez,yfuentezjh@51.la,Male,
703,Felicle,Wenn,fwennji@yellowbook.com,Female,
704,Fran,Addinall,faddinalljj@toplist.cz,Male,2.190.2.4
705,Giovanna,Schiell,gschielljk@unblog.fr,Female,189.17.143.105
706,Bernie,Hukins,bhukinsjl@mozilla.com,Male,117.17.147.198
707,Barry,Penticost,bpenticostjm@qq.com,Female,55.10.228.208
708,Jesus,Lowdham,jlowdhamjn@netscape.com,Male,54.248.213.97
709,Gail,Jakubovitch,gjakubovitchjo@biblegateway.com,Female,31.23.200.154
710,Glory,Batiste,gbatistejp@bbc.co.uk,Female,156.205.144.172
711,Yul,Stieger,ystiegerjq@ning.com,Male,12.76.66.183
712,Selby,Lissaman,slissamanjr@bloomberg.com,Male,21.34.102.56
713,Seward,De la Eglise,sdelaeglisejs@kickstarter.com,Male,246.131.216.82
714,Lura,Lydall,llydalljt@time.com,Female,3.17.240.80
715,Prent,MacAdie,pmacadieju@tripadvisor.com,Male,22.59.44.208
716,Junia,Howlin,jhowlinjv@state.tx.us,Female,
717,Rolph,Kynder,rkynderjw@mlb.com,Male,115.185.4.245
718,Heda,Spinola,hspinolajx@businessinsider.com,Female,132.179.42.41
719,Sherill,Athy,sathyjy@hostgator.com,Female,246.9.116.25
720,Ray,McClure,rmcclurejz@studiopress.com,Female,251.91.160.172
721,Essy,Edes,eedesk0@cbsnews.com,Female,
722,Ammamaria,Mussared,amussaredk1@ask.com,Female,40.232.130.164
723,Gaven,Thackwray,gthackwrayk2@nydailynews.com,Male,172.123.223.100
724,Crystie,Andreix,candreixk3@eventbrite.com,Female,190.27.246.143
725,Marietta,Belin,mbelink4@dot.gov,Agender,34.97.189.36
726,Marja,Thornebarrow,mthornebarrowk5@ucoz.com,Female,155.62.84.5
727,Denice,Wingham,dwinghamk6@lycos.com,Female,17.168.246.144
728,Deedee,Francklin,dfrancklink7@naver.com,Female,17.228.241.139
729,Artemas,Bacop,abacopk8@ask.com,Male,208.223.140.0
730,Lanie,Pipping,lpippingk9@soup.io,Male,133.109.200.219
731,Joanne,Imrie,jimrieka@twitpic.com,Female,212.137.212.135
732,Curry,Belliss,cbellisskb@posterous.com,Male,188.145.148.156
733,Valerye,Williams,vwilliamskc@msn.com,Female,68.248.164.96
734,Shelby,Earp,searpkd@theguardian.com,Male,91.28.163.98
735,Rozalie,Hyndes,rhyndeske@printfriendly.com,Female,40.175.196.231
736,Florencia,Tewkesberrie,ftewkesberriekf@de.vu,Female,86.68.68.27
737,Daffie,Paynes,dpayneskg@flavors.me,Female,179.148.248.225
738,Rickie,Drinkwater,rdrinkwaterkh@hhs.gov,Female,130.150.223.187
739,Moishe,Stampfer,mstampferki@ucoz.ru,Male,33.240.136.128
740,Abigail,Borthram,aborthramkj@gravatar.com,Female,150.92.52.20
741,Lena,Kassel,lkasselkk@friendfeed.com,Female,
742,Alfred,Cowen,acowenkl@mapy.cz,Male,69.242.188.102
743,Sosanna,Duling,sdulingkm@amazon.de,Female,75.16.49.69
744,Daisie,Kennington,dkenningtonkn@eventbrite.com,Female,139.209.185.132
745,Verina,Yarker,vyarkerko@desdev.cn,Female,
746,Jordain,Kobieriecki,jkobierieckikp@jimdo.com,Female,46.11.181.146
747,Cammy,Mathew,cmathewkq@parallels.com,Male,197.26.88.59
748,Morganne,Covington,mcovingtonkr@pagesperso-orange.fr,Female,107.239.225.111
749,Birk,Broadberry,bbroadberryks@xinhuanet.com,Male,84.105.149.171
750,Rollie,Pole,rpolekt@washington.edu,Male,245.118.197.236
751,Horatius,Saltwell,hsaltwellku@sohu.com,Male,21.102.158.66
752,Lindsy,Runnacles,lrunnacleskv@issuu.com,Female,207.153.114.122
753,Nataline,Feria,nferiakw@webs.com,Female,117.106.76.83
754,Babette,Eddoes,beddoeskx@jimdo.com,Female,
755,Carolus,Kinloch,ckinlochky@liveinternet.ru,Male,193.143.208.162
756,Aeriell,Narup,anarupkz@opera.com,Female,14.247.78.219
757,Bryn,Runsey,brunseyl0@ehow.com,Male,26.103.111.47
758,Gabriellia,Humbee,ghumbeel1@narod.ru,Female,
759,Piper,Bernucci,pbernuccil2@jalbum.net,Female,125.37.99.5
760,Otho,Chadwin,ochadwinl3@statcounter.com,Male,39.186.12.8
761,Daffy,Todarini,dtodarinil4@ow.ly,Female,124.247.10.33
762,Vivienne,Farrimond,vfarrimondl5@privacy.gov.au,Female,52.62.209.119
763,Cathleen,Boeck,cboeckl6@com.com,Female,61.159.5.220
764,Bryn,Normavill,bnormavilll7@earthlink.net,Female,208.39.50.209
765,Hephzibah,Earthfield,hearthfieldl8@sciencedaily.com,Female,100.54.22.147
766,Austin,Lazarus,alazarusl9@theatlantic.com,Agender,85.125.135.100
767,Mandie,Fidgin,mfidginla@ebay.co.uk,Female,
768,Lorianna,Regina,lreginalb@springer.com,Female,136.150.64.52
769,Lynnet,Bavister,lbavisterlc@rakuten.co.jp,Agender,
770,Jarad,Kirman,jkirmanld@alexa.com,Male,63.92.209.5
771,Lorant,Spread,lspreadle@msu.edu,Male,56.24.154.110
772,Carley,Naper,cnaperlf@hubpages.com,Female,137.151.221.67
773,Tedi,Slipper,tslipperlg@hp.com,Female,214.221.19.67
774,Carlin,Gaul,cgaullh@gravatar.com,Male,182.150.241.253
775,Eva,Upwood,eupwoodli@google.cn,Female,
776,Riobard,Chettle,rchettlelj@furl.net,Male,199.136.111.26
777,Ettore,Shegog,eshegoglk@webnode.com,Male,50.106.164.222
778,Ebba,Zold,ezoldll@gnu.org,Female,99.188.27.78
779,Garwood,Brigstock,gbrigstocklm@typepad.com,Male,132.190.43.27
780,Niels,Roz,nrozln@vk.com,Genderfluid,194.194.187.150
781,Culley,Diben,cdibenlo@mashable.com,Genderfluid,225.118.60.203
782,Giorgio,Perschke,gperschkelp@sbwire.com,Bigender,185.179.254.80
783,Marsh,Hess,mhesslq@reference.com,Male,231.23.141.52
784,Claudio,Verni,cvernilr@indiegogo.com,Male,113.60.12.15
785,Barnaby,Barmby,bbarmbyls@dailymotion.com,Male,103.4.246.215
786,Karlotta,Reddlesden,kreddlesdenlt@goo.gl,Bigender,160.212.96.91
787,Davis,Haugg,dhaugglu@jugem.jp,Male,193.45.143.112
788,Marris,Parcells,mparcellslv@dailymotion.com,Female,157.135.82.32
789,Rocky,Tumielli,rtumiellilw@harvard.edu,Male,183.39.225.176
790,Kippar,Cockton,kcocktonlx@google.ca,Male,108.168.51.117
791,Hana,Lydford,hlydfordly@globo.com,Female,63.137.254.127
792,Del,Swyne,dswynelz@eventbrite.com,Male,242.148.205.204
793,Guss,Camillo,gcamillom0@example.com,Male,131.64.44.103
794,Otho,Nevitt,onevittm1@ehow.com,Male,151.158.107.233
795,Jasen,Sheardown,jsheardownm2@spiegel.de,Male,
796,Steffen,Hender,shenderm3@sphinn.com,Male,179.75.213.69
797,Toinette,Cunrado,tcunradom4@joomla.org,Female,140.166.35.40
798,Stanton,Royden,sroydenm5@diigo.com,Male,26.151.239.122
799,Alikee,Bischoff,abischoffm6@answers.com,Female,26.79.129.138
800,Ulrich,Gonnely,ugonnelym7@scribd.com,Male,108.48.15.236
801,El,Khomich,ekhomichm8@ifeng.com,Male,
802,Edvard,Sharplin,esharplinm9@yolasite.com,Male,134.208.109.124
803,Blakelee,Charters,bchartersma@nba.com,Female,154.226.8.12
804,Joice,McCook,jmccookmb@barnesandnoble.com,Female,62.40.69.63
805,Evin,Pipes,epipesmc@loc.gov,Male,72.104.121.85
806,Glenn,Bagwell,gbagwellmd@nba.com,Male,
807,Timothy,Learoid,tlearoidme@infoseek.co.jp,Agender,236.84.47.252
808,Clemens,McFadden,,Male,122.178.133.200
809,Ethe,Alaway,ealawaymg@yelp.com,Male,103.52.142.249
810,Jan,Lawlan,jlawlanmh@soup.io,Male,224.52.231.120
811,Timotheus,Bettley,tbettleymi@europa.eu,Male,210.80.89.31
812,Bevin,De Meis,bdemeismj@cpanel.net,Male,105.36.40.150
813,Garvy,Gery,ggerymk@dagondesign.com,Male,42.147.51.231
814,Paolina,Sears,psearsml@economist.com,Female,249.184.43.142
815,Pammi,Martynka,pmartynkamm@hp.com,Female,60.180.98.210
816,Stafford,Wozencraft,swozencraftmn@sbwire.com,Polygender,82.117.133.92
817,Inness,Shropsheir,ishropsheirmo@csmonitor.com,Male,166.247.153.15
818,Jaquenette,Reid,jreidmp@acquirethisname.com,Female,246.188.2.151
819,Damien,Radage,dradagemq@etsy.com,Male,136.247.52.169
820,Rourke,Phidgin,rphidginmr@arstechnica.com,Male,19.122.21.137
821,Pippo,Hammer,phammerms@ucla.edu,Male,185.240.112.9
822,Trixy,Sabattier,,Bigender,132.170.2.26
823,Moses,Keir,mkeirmu@cnn.com,Polygender,34.26.186.92
824,Jed,Scadding,jscaddingmv@list-manage.com,Male,75.107.54.150
825,Bear,Balnaves,bbalnavesmw@tumblr.com,Male,25.158.214.180
826,Chelsea,Marjot,cmarjotmx@ning.com,Female,160.162.148.44
827,Pepita,Bolesworth,pbolesworthmy@bigcartel.com,Female,48.24.109.104
828,Shana,Abbatucci,sabbatuccimz@redcross.org,Genderqueer,
829,Kimbra,Cheesman,kcheesmann0@redcross.org,Female,252.118.242.224
830,Raine,Troy,rtroyn1@microsoft.com,Female,77.96.202.237
831,Dalt,Cogin,dcoginn2@fotki.com,Male,132.183.149.171
832,Conney,Klampk,cklampkn3@amazon.de,Male,
833,Georas,Cockland,gcocklandn4@whitehouse.gov,Male,154.56.39.170
834,Kara-lynn,Bryer,kbryern5@nytimes.com,Female,
835,Joyan,Barcroft,jbarcroftn6@rakuten.co.jp,Female,181.55.103.194
836,Henry,Limbrick,hlimbrickn7@cbslocal.com,Male,
837,Leola,Dziwisz,ldziwiszn8@admin.ch,Female,212.94.234.93
838,Wiatt,Jaggli,wjagglin9@so-net.ne.jp,Male,
839,Russell,Janicek,rjanicekna@ucsd.edu,Male,
840,Lutero,Wickie,lwickienb@nsw.gov.au,Male,184.74.200.220
841,Helli,Andries,handriesnc@soup.io,Female,113.180.88.50
842,Derrik,Scarr,dscarrnd@canalblog.com,Male,137.8.223.29
843,Artemas,Chatelain,achatelainne@chronoengine.com,Male,124.53.39.208
844,Muhammad,Sherrell,msherrellnf@rediff.com,Genderfluid,107.175.25.162
845,Dal,Faulkener,dfaulkenerng@clickbank.net,Male,58.110.63.198
846,Sabra,De Ambrosi,sdeambrosinh@state.tx.us,Female,143.35.200.64
847,Tatiana,Rigden,trigdenni@histats.com,Female,49.89.221.65
848,Cirillo,Layson,claysonnj@parallels.com,Male,105.40.189.155
849,Clive,Foden,cfodennk@nsw.gov.au,Male,208.3.138.231
850,Roldan,Swepson,rswepsonnl@rediff.com,Male,59.176.52.232
851,Livvyy,Celli,lcellinm@marketwatch.com,Female,181.101.82.53
852,Linn,Itzik,litziknn@mozilla.org,Female,223.64.101.131
853,Morganica,Allnutt,mallnuttno@nbcnews.com,Female,102.35.229.210
854,Deeann,Clowsley,dclowsleynp@netvibes.com,Female,205.227.100.168
855,Angelika,Saph,asaphnq@list-manage.com,Female,7.137.52.44
856,Abbie,Golbourn,agolbournnr@oracle.com,Male,111.200.145.118
857,Clem,Kenrack,ckenrackns@constantcontact.com,Male,185.199.227.203
858,Nye,Buss,nbussnt@jimdo.com,Male,40.198.208.169
859,Odo,Sympson,osympsonnu@parallels.com,Male,153.118.195.186
860,Onfre,Ernshaw,oernshawnv@example.com,Male,112.170.244.23
861,Dirk,Blodgetts,dblodgettsnw@google.nl,Male,
862,Danit,Mersh,dmershnx@booking.com,Female,240.216.239.208
863,Grantham,Dunseith,gdunseithny@discuz.net,Genderqueer,123.167.244.253
864,Jarvis,Isaksson,jisakssonnz@noaa.gov,Male,72.3.86.39
865,Wallis,Milton-White,wmiltonwhiteo0@tinypic.com,Male,112.111.79.54
866,Kynthia,Davidou,kdavidouo1@bbb.org,Polygender,54.244.140.211
867,Cahra,Oglevie,coglevieo2@fastcompany.com,Female,
868,Edie,Hacker,ehackero3@exblog.jp,Female,74.87.248.99
869,Breanne,McMyler,bmcmylero4@ocn.ne.jp,Non-binary,123.83.63.63
870,Cherlyn,Arnoll,carnollo5@typepad.com,Female,112.90.38.241
871,Hedvige,Derrington,hderringtono6@businessweek.com,Genderqueer,244.164.227.145
872,Jeremias,Fann,jfanno7@twitpic.com,Genderqueer,0.252.202.235
873,Corrine,Statton,cstattono8@narod.ru,Female,36.211.118.74
874,Kippy,Hussy,khussyo9@meetup.com,Male,129.237.138.213
875,Elane,Napton,enaptonoa@webmd.com,Female,162.41.241.249
876,Ellswerth,Dunmuir,edunmuirob@jigsy.com,Male,45.144.242.39
877,Sarita,Bartalin,sbartalinoc@dyndns.org,Female,159.93.90.203
878,Gaylor,Furzer,gfurzerod@purevolume.com,Male,151.218.188.26
879,Kimble,Tomek,ktomekoe@i2i.jp,Male,89.51.35.237
880,Ivett,Rotter,irotterof@slashdot.org,Female,12.71.86.79
881,Gerick,Reddin,greddinog@amazon.co.uk,Male,106.131.68.77
882,Cletus,Leaves,cleavesoh@weebly.com,Bigender,252.109.180.57
883,Bambie,Cartmael,bcartmaeloi@webeden.co.uk,Female,245.182.142.80
884,Leta,Sellen,lsellenoj@constantcontact.com,Female,37.248.8.207
885,Loretta,Burgyn,lburgynok@paginegialle.it,Female,74.99.59.192
886,Christi,Scholcroft,cscholcroftol@meetup.com,Genderfluid,174.62.76.61
887,Sammy,Lorens,slorensom@altervista.org,Female,238.150.201.190
888,Wallas,Ballay,wballayon@purevolume.com,Male,26.212.55.216
889,Devi,Packer,dpackeroo@scientificamerican.com,Female,37.83.60.194
890,Elise,Lerer,elererop@friendfeed.com,Female,196.154.37.122
891,Amy,Eagan,aeaganoq@amazon.co.uk,Female,106.196.179.61
892,Raddie,Benet,rbenetor@mlb.com,Male,169.120.133.231
893,Malissia,Message,mmessageos@mapy.cz,Female,99.86.175.75
894,Natalee,Chitham,nchithamot@google.it,Female,171.204.19.67
895,Ludvig,Sinfield,lsinfieldou@biglobe.ne.jp,Genderqueer,106.107.13.193
896,Emmye,Gostall,egostallov@about.me,Female,
897,Dexter,Elsby,delsbyow@mashable.com,Male,169.57.244.93
898,Arlie,Buchanan,abuchananox@edublogs.org,Female,
899,Thea,Alred,talredoy@artisteer.com,Female,255.221.29.198
900,Joellyn,Gascoigne,jgascoigneoz@berkeley.edu,Female,124.226.212.12
901,Dolley,Armor,darmorp0@typepad.com,Genderqueer,
902,Marianna,Endrizzi,mendrizzip1@archive.org,Female,25.195.137.213
903,Mickie,Ruffell,mruffellp2@spotify.com,Female,189.14.42.85
904,Maurice,Ive,mivep3@bing.com,Male,211.149.184.127
905,Ethelred,Felgate,efelgatep4@simplemachines.org,Genderfluid,234.80.141.196
906,Barbey,Hinks,bhinksp5@elegantthemes.com,Female,204.102.141.76
907,Kasey,Gonoude,kgonoudep6@java.com,Female,212.186.126.94
908,Julita,Behrend,jbehrendp7@dmoz.org,Female,77.119.186.33
909,Korey,Dearness,kdearnessp8@topsy.com,Male,226.233.181.50
910,Candi,Shovelbottom,cshovelbottomp9@meetup.com,Female,15.123.111.76
911,Cathrin,Postans,cpostanspa@nbcnews.com,Female,248.44.32.239
912,Jeanna,Hertwell,jhertwellpb@umn.edu,Female,212.202.147.147
913,Gorden,O'Hara,goharapc@vistaprint.com,Polygender,83.25.195.49
914,Hulda,Colville,hcolvillepd@surveymonkey.com,Female,166.225.29.6
915,Selia,Goshawke,sgoshawkepe@ning.com,Female,24.171.254.49
916,Jeana,Warham,jwarhampf@issuu.com,Female,229.154.236.132
917,Josselyn,Hill,jhillpg@baidu.com,Non-binary,60.41.74.42
918,Padgett,Simonetto,psimonettoph@eventbrite.com,Male,240.161.77.36
919,Dorry,Gemmell,dgemmellpi@diigo.com,Female,50.11.223.11
920,Starla,Raithmill,sraithmillpj@umn.edu,Female,193.75.243.128
921,Levy,Lemerle,llemerlepk@51.la,Male,122.10.105.40
922,Deonne,Poller,dpollerpl@samsung.com,Female,
923,Cammi,Albarez,calbarezpm@nhs.uk,Female,
924,Lindy,Teggart,lteggartpn@sphinn.com,Female,5.80.130.124
925,Ben,Attarge,battargepo@wisc.edu,Male,37.120.137.55
926,Frasquito,Feronet,fferonetpp@vkontakte.ru,Male,21.26.88.37
927,Ernesta,MacArthur,emacarthurpq@free.fr,Female,51.16.163.229
928,Fons,Kirkby,fkirkbypr@reverbnation.com,Male,116.134.223.53
929,Reinaldos,Grzeszczyk,rgrzeszczykps@ifeng.com,Male,242.145.128.161
930,Jehanna,Ulyat,julyatpt@unblog.fr,Female,213.215.228.28
931,Hildegarde,Goodby,hgoodbypu@shareasale.com,Female,100.14.34.151
932,Randall,Marriage,rmarriagepv@symantec.com,Male,205.115.182.92
933,Carina,Scotford,cscotfordpw@youtube.com,Female,229.245.179.10
934,Johan,Crus,jcruspx@utexas.edu,Male,178.213.89.34
935,Whitby,Hierro,whierropy@ask.com,Male,96.176.189.99
936,Greggory,Westwell,gwestwellpz@studiopress.com,Male,29.89.19.8
937,Jackqueline,Veevers,jveeversq0@delicious.com,Female,165.92.16.235
938,Buck,Crossman,bcrossmanq1@chron.com,Male,156.17.6.172
939,Sargent,Lafford,slaffordq2@storify.com,Male,133.99.116.61
940,Cameron,Scorey,cscoreyq3@networksolutions.com,Male,249.129.72.220
941,Aubree,Speer,aspeerq4@time.com,Female,121.128.21.107
942,Laird,Blackie,lblackieq5@patch.com,Male,98.159.24.122
943,Tamiko,Coneley,tconeleyq6@china.com.cn,Female,169.132.235.234
944,Carroll,Tiller,ctillerq7@mit.edu,Female,227.119.238.143
945,Aluin,McKag,amckagq8@patch.com,Male,81.98.175.242
946,Kelcie,Ivers,kiversq9@alexa.com,Female,247.182.10.187
947,Alphonso,de Quesne,adequesneqa@aboutads.info,Male,134.216.31.221
948,Heather,Comber,hcomberqb@pcworld.com,Female,123.17.81.225
949,Pammy,Osgordby,posgordbyqc@posterous.com,Female,64.44.164.24
950,Lyndsay,Balling,lballingqd@cbslocal.com,Female,75.123.231.77
951,Rudolph,Lorain,rlorainqe@shareasale.com,Male,213.254.88.205
952,Horace,Broek,hbroekqf@cam.ac.uk,Male,34.71.12.90
953,Susette,Chattaway,schattawayqg@nymag.com,Female,237.87.104.77
954,Kelbee,Dmitriev,kdmitrievqh@businesswire.com,Male,246.40.231.8
955,Hortensia,Chuck,hchuckqi@eventbrite.com,Female,112.172.78.35
956,Kenneth,Atheis,katheisqj@dagondesign.com,Male,208.222.36.28
957,Angel,Keable,akeableqk@buzzfeed.com,Male,
958,Rad,Faltskog,rfaltskogql@tripod.com,Male,
959,Gale,Darkin,gdarkinqm@toplist.cz,Female,8.39.247.50
960,Janeva,Christoforou,jchristoforouqn@goodreads.com,Female,239.95.101.51
961,Gustavus,McKniely,,Male,
962,Sharla,Lippitt,slippittqp@jalbum.net,Female,20.16.192.224
963,Flin,Cosby,fcosbyqq@ameblo.jp,Male,250.163.49.5
964,Holden,Cream,hcreamqr@nps.gov,Male,118.40.180.151
965,Ogden,Creek,ocreekqs@networkadvertising.org,Male,118.197.51.94
966,Ilise,Scawn,iscawnqt@ebay.co.uk,Female,197.101.214.33
967,Niven,Orpen,norpenqu@accuweather.com,Male,230.62.146.103
968,Ottilie,Pawle,opawleqv@scribd.com,Female,54.83.182.115
969,Robers,Osgood,rosgoodqw@apache.org,Male,251.199.22.104
970,Alaric,Antoniou,aantoniouqx@craigslist.org,Male,119.62.242.254
971,Wally,Roller,wrollerqy@cdbaby.com,Female,35.38.213.111
972,Hazel,Kondratenko,hkondratenkoqz@mayoclinic.com,Male,144.104.69.182
973,Benedick,Antwis,bantwisr0@surveymonkey.com,Male,205.209.103.212
974,Kele,Cutill,kcutillr1@china.com.cn,Male,205.133.104.97
975,Saxon,Bawden,sbawdenr2@usgs.gov,Male,255.208.34.122
976,Jamesy,Halbeard,jhalbeardr3@eventbrite.com,Genderqueer,6.139.66.233
977,Wiley,Metheringham,wmetheringhamr4@altervista.org,Male,14.88.27.211
978,Birgit,Radden,braddenr5@eventbrite.com,Female,
979,Hube,Hugle,hhugler6@tumblr.com,Male,
980,Esta,Riccardi,ericcardir7@feedburner.com,Female,17.130.62.52
981,Burke,De'Ath,bdeathr8@dmoz.org,Male,102.244.105.7
982,Thaddus,Speedin,tspeedinr9@nbcnews.com,Male,222.188.53.158
983,Gwendolyn,Riepl,grieplra@webnode.com,Genderqueer,
984,Delcine,Boschmann,dboschmannrb@liveinternet.ru,Female,117.47.215.132
985,Harp,Cheers,hcheersrc@cnbc.com,Male,43.62.57.33
986,Sergei,Farlam,sfarlamrd@answers.com,Male,2.129.148.11
987,Torie,Papes,tpapesre@pen.io,Female,210.255.165.46
988,Broddy,Drinkhall,bdrinkhallrf@dropbox.com,Male,47.244.103.15
989,Tuesday,Skein,,Female,249.217.192.76
990,Emmet,Lowsely,elowselyrh@istockphoto.com,Agender,6.173.50.146
991,Bibbye,Ciobotaro,bciobotarori@ebay.com,Female,
992,Catie,Jessup,cjessuprj@blogspot.com,Female,179.170.85.15
993,Cecil,Reason,creasonrk@addtoany.com,Female,62.170.244.254
994,Wye,Tarry,wtarryrl@networkadvertising.org,Male,51.221.36.167
995,Simonne,Furbank,sfurbankrm@booking.com,Female,65.37.179.89
996,Emmett,Sheals,eshealsrn@spiegel.de,Male,131.224.132.62
997,Oren,Gleave,ogleavero@wisc.edu,Male,43.180.16.203
998,Nikolaos,Coneybeare,nconeybearerp@prnewswire.com,Male,19.164.142.48
999,Missie,Hort,mhortrq@businesswire.com,Female,148.226.60.60
1000,Simonne,Furbank,sfurbankrm@booking.com,Female,65.37.179.89
